<?xml version="1.0" ?>
<AccountingColumns>

<AccountingInformation>
Key </AccountingInformation><AccountingInformation>
DateTime </AccountingInformation><AccountingInformation>
JobId </AccountingInformation><AccountingInformation>
AccountId </AccountingInformation><AccountingInformation>
UserId </AccountingInformation><AccountingInformation>
MachineId </AccountingInformation><AccountingInformation>
PrintType </AccountingInformation><AccountingInformation>
SortType </AccountingInformation><AccountingInformation>
TotalOriginals </AccountingInformation><AccountingInformation>
TotalFolded </AccountingInformation><AccountingInformation>
TotalPunched </AccountingInformation><AccountingInformation>
TotalStamped </AccountingInformation><AccountingInformation>
TotalEdited </AccountingInformation><AccountingInformation>
TotalEnlarged </AccountingInformation><AccountingInformation>
TotalReduced </AccountingInformation><AccountingInformation>
PaperPrints </AccountingInformation><AccountingInformation>
PaperClicks </AccountingInformation><AccountingInformation>
PolyesterPrints </AccountingInformation><AccountingInformation>
PolyesterClicks </AccountingInformation><AccountingInformation>
TransparentPrints </AccountingInformation><AccountingInformation>
TransparentClicks </AccountingInformation><AccountingInformation>
ScanResolution </AccountingInformation><AccountingInformation>
ScanFileFormat </AccountingInformation><AccountingInformation>
ScanWidth </AccountingInformation><AccountingInformation>
ScanHeight </AccountingInformation><AccountingInformation>
ScanFileSize </AccountingInformation><AccountingInformation>
ScanFileName </AccountingInformation><AccountingInformation>
JobName </AccountingInformation><AccountingInformation>
PlotNumberOfFiles </AccountingInformation><AccountingInformation>
UserName </AccountingInformation><AccountingInformation>
AccountName </AccountingInformation><AccountingInformation>
JobType </AccountingInformation>

<ExtendedAccounting>
Key </ExtendedAccounting><ExtendedAccounting>
DateTime </ExtendedAccounting><ExtendedAccounting>
JobId </ExtendedAccounting><ExtendedAccounting>
PaperFormat </ExtendedAccounting><ExtendedAccounting>
Media </ExtendedAccounting><ExtendedAccounting>
Copies </ExtendedAccounting><ExtendedAccounting>
Meters </ExtendedAccounting><ExtendedAccounting>
Filename </ExtendedAccounting><ExtendedAccounting>
PlotterType </ExtendedAccounting>

<SetAccounting>
Key </SetAccounting><SetAccounting>
JobId </SetAccounting><SetAccounting>
DateTime </SetAccounting><SetAccounting>
Type </SetAccounting><SetAccounting>
AccountId </SetAccounting><SetAccounting>
UserId </SetAccounting><SetAccounting>
NumberOfSheets </SetAccounting><SetAccounting>
NumberOfSets </SetAccounting><SetAccounting>
UserName </SetAccounting><SetAccounting>
AccountNumber </SetAccounting><SetAccounting>
Company </SetAccounting><SetAccounting>
Billing </SetAccounting><SetAccounting>
Delivery </SetAccounting><SetAccounting>
SplitDelivery </SetAccounting><SetAccounting>
Project </SetAccounting><SetAccounting>
PONumber </SetAccounting><SetAccounting>
SpecialInstruction </SetAccounting><SetAccounting>
LinearFeetBond </SetAccounting><SetAccounting>
LinearFeetVellum </SetAccounting><SetAccounting>
LinearFeetMylar </SetAccounting><SetAccounting>
SqFeetBond </SetAccounting><SetAccounting>
SqFeetVellum </SetAccounting><SetAccounting>
SqFeetMylar </SetAccounting><SetAccounting>
LinearMetersBond </SetAccounting><SetAccounting>
LinearMetersVellum </SetAccounting><SetAccounting>
LinearMetersMylar </SetAccounting><SetAccounting>
SqMetersBond </SetAccounting><SetAccounting>
SqMetersVellum </SetAccounting><SetAccounting>
SqMetersMylar </SetAccounting><SetAccounting>
Reason </SetAccounting><SetAccounting>
Destination </SetAccounting><SetAccounting>
Comment </SetAccounting><SetAccounting>
LinearFeetTranslucent </SetAccounting><SetAccounting>
SqFeetTranslucent </SetAccounting><SetAccounting>
LinearMetersTranslucent </SetAccounting><SetAccounting>
SqMetersTranslucent </SetAccounting><SetAccounting>
LinearFeetBondheavy </SetAccounting><SetAccounting>
SqFeetBondheavy </SetAccounting><SetAccounting>
LinearMetersBondheavy </SetAccounting><SetAccounting>
SqMetersBondheavy </SetAccounting><SetAccounting>
LinearFeetTransparentheavy </SetAccounting><SetAccounting>
SqFeetTransparentheavy </SetAccounting><SetAccounting>
LinearMetersTransparentheavy </SetAccounting><SetAccounting>
SqMetersTransparentheavy </SetAccounting><SetAccounting>
LinearFeetFilmheavy </SetAccounting><SetAccounting>
SqFeetFilmheavy </SetAccounting><SetAccounting>
LinearMetersFilmheavy </SetAccounting><SetAccounting>
SqMetersFilmheavy </SetAccounting><SetAccounting>
LinearFeetBondspecial </SetAccounting><SetAccounting>
SqFeetBondspecial </SetAccounting><SetAccounting>
LinearMetersBondspecial </SetAccounting><SetAccounting>
SqMetersBondspecial </SetAccounting><SetAccounting>
LinearFeetBondheavyspecial </SetAccounting><SetAccounting>
SqFeetBondheavyspecial </SetAccounting><SetAccounting>
LinearMetersBondheavyspecial </SetAccounting><SetAccounting>
SqMetersBondheavyspecial </SetAccounting><SetAccounting>
PlotterType </SetAccounting><SetAccounting>
Path </SetAccounting>

</AccountingColumns>